{
    "start_time": 1742414214.412058,
    "end_time": 1742414241.477105,
    "elapsed_time": 27.065046787261963,
    "response": "\uc774 \uae00\uc5d0\uc11c\ub294 \uc608\ub9e4 \uc815\ubcf4\uc640 \uad00\ub828\ud558\uc5ec \uc120\uc608\ub9e4 \ud68c\ub2f9 \uba87\ub9e4\ub97c \ud560 \uc218 \uc788\ub294 \ub0b4\uc6a9\uc740 \ub2f4\uaca8 \uc788\uc9c0 \uc54a\uc2b5\ub2c8\ub2e4. \ud574\ub2f9 \uc815\ubcf4\ub97c \ud655\uc778\ud558\uae30 \uc704\ud574\uc11c\ub294 \ud2f0\ucf13 \uc0ac\uc774\ud2b8(\uc608: Interpark)\uc5d0\uc11c \uc120\ud0dd\ud55c \uacf5\uc5f0, \uc601\ud654, \uc2a4\ud3ec\uce20 \ub4f1\uc758 \uc0c1\ud488\uc5d0 \ub300\ud55c \uc120\uc608\ub9e4 \uac00\ub2a5 \ud68c\ub2f9\uc218\ub97c \ud655\uc778\ud558\uc2dc\uba74 \ub429\ub2c8\ub2e4."
}