{
    "start_time": 1742414290.531423,
    "end_time": 1742414334.899296,
    "elapsed_time": 44.36787295341492,
    "response": " \uc778\ud130\ud30c\ud06c\ud2f0\ucf13 \uc608\uc57d \uc2dc\uc2a4\ud15c\uc5d0\uc11c \uc120\uc81c\ub9e4 \uae30\uac04\uacfc \ucd5c\ub300 \ub9e4\ud45c \uac1c\uc218\ub294 \uac01 \uacf5\uc5f0\uc758 \uacbd\ud5d8\uc744 \ub192\uc774\uae30 \uc704\ud55c \uae30\uc900\uc73c\ub85c \uacb0\uc815\ub429\ub2c8\ub2e4. \ucd08\uace0\uac1d\uc5d0\uac8c \uc120\ud0dd\uc801\uc778 \ud2b9\ubcc4\ud55c \uc2dc\ud589 \ud61c\ud0dd\uc744 \uc81c\uacf5\ud558\ub824\uace0 \ud569\ub2c8\ub2e4. \ub530\ub77c\uc11c, \uac01 \ud65c\ub3d9\uc758 \uacbd\uc6b0 \uc120\ub9e4 \ud68c\ub2f9 \uba87\ub9e4\ub97c \ud560 \uc218 \uc788\ub294 \uc815\ubcf4\uac00 \uc81c\uacf5\ub418\uc9c0 \uc54a\uc2b5\ub2c8\ub2e4. \uad00\ub828 \uc0c1\uc138 \uc0ac\ud56d\uc740 \uacf5\uc5f0 \uc8fc\ucd5c\uc790\uc640 \uad00\uacc4\uc790\ub85c\ubd80\ud130 \ud655\uc778\ud560 \uc218 \uc788\uc2b5\ub2c8\ub2e4."
}