{
    "start_time": 1742414241.4789371,
    "end_time": 1742414258.830107,
    "elapsed_time": 17.35116982460022,
    "response": "2"
}