{
    "start_time": 1742414384.785194,
    "end_time": 1742418457.5814312,
    "elapsed_time": 4072.796237230301,
    "response": "2023\ub144 5\uc6d4 19\uc77c(\uae08), 20\uc77c(\ud1a0) 19\uc2dc, 21\uc77c(\uc77c) 17\uc2dc \"2025 ZEROBASEONE FAN-CON - FAN-MEETING\"\uc758 VIP/RSE/S\uc11d\uc740 4\ub9e4, A/B\uc11d\uc740 8\ub9e4, C/D/E\uc11d\uc740 12\ub9e4, F/G\uc11d\uc740 16\ub9e4, H\uc11d\uc740 20\ub9e4, J/K\uc11d\uc740 30\ub9e4, M\uc11d\uc740 40\ub9e4\uc758 tickets\ub97c 1\ud68c\ub2f9 reservation(\uc608\ub9e4)\ud560\uc218\uc788\uc2b5\ub2c8\ub2e4. This information is for the fan meeting that occurred in May 2022 and may not be applicable to future events. Please verify details from official sources before making any purchase decisions."
}