{
    "start_time": 1742414334.900417,
    "end_time": 1742414384.784642,
    "elapsed_time": 49.8842248916626,
    "response": "\ud2f0\ucf13 \uacf5\uc9c0 \uac8c\uc2dc\ubb3c\uc5d0 \ub300\ud55c \uc815\ubcf4\ub97c \uc81c\uacf5\ud558\ub294\ub370, \uc120\uc608\ub9e4\uc758 \uacbd\uc6b0 \ud68c\ub2f9 \uba87 \ub9e4\ub97c \uac00\ub2a5\ud560\uae4c\uc694? \uc774\uc640 \uac19\uc740 \uc9c8\ubb38\uc5d0 \ub300\ud55c \uc815\ub2f5\uc740 \uac01 \uc774\ubca4\ud2b8\ub098 \uacf5\uc5f0\uc758 \uac1c\ubcc4 \ud2f0\ucf13 \uc815\ubcf4\uc5d0\uc11c \ud655\uc778\ud560 \uc218 \uc788\uc2b5\ub2c8\ub2e4.\n\n\uc608\ub9e4 \uac00\ub2a5 \uac1c\uc218\ub294 \ub2e4\uc74c\uacfc \uac19\uc740 \uc694\uc18c\ub4e4\uc5d0 \ub530\ub77c \uacb0\uc815\ub429\ub2c8\ub2e4:\n\n1. \uc774\ubca4\ud2b8 \ub610\ub294 \uacf5\uc5f0\uc758 \uaddc\ubaa8\uc640 \ud06c\uae30: \uc77c\ubd80 \uc774\ubca4\ud2b8\ub098 \uacf5\uc5f0\uc740 \uc5ec\ub7ec \ud68c\uc7a5\uc744 \ucc28\uc9c0\ud558\uac70\ub098, \ub9ce\uc740 \uc778\uc6d0\uc774 \ucc38\uc11d\ud560 \uc218 \uc788\ub3c4\ub85d \uc900\ube44\ub41c \uacbd\uc6b0\uac00 \uc788\uc2b5\ub2c8\ub2e4.\n2. \ud2f0\ucf13\uc758 \ud0c0\uc785\uacfc \uac00\uaca9: \uc77c\ubc18 \ud2f0\ucf13, VIP \ud2f0\ucf13, \ud2b9\ubcc4\ud55c \ud328\ud0a4\uc9c0 \ub4f1\uc758 \uc5ec\ub7ec \uc885\ub958\uc758 \ud2f0\ucf13\uc774 \uc788\uc744 \uc218 \uc788\uc73c\uba70, \uac01\uac01\uc758 \uac00\uaca9\uacfc \ud560\uc778\ub3c4 \ub2e4\ub985\ub2c8\ub2e4.\n3. \uc608\ub9e4 \uc2dc\uac04: \uc77c\ubd80 \uc774\ubca4\ud2b8\ub098 \uacf5\uc5f0\uc740 \ud2b9\uc815 \uc2dc\uac04\ub300\uc5d0\uc11c\ub9cc \ud2f0\ucf13\uc744 \uc608\ub9e4\ud560 \uc218 \uc788\uac8c \ud560 \uc218 \uc788\uc2b5\ub2c8\ub2e4.\n4. \uc120\uc608\ub9e4 \uaddc\uce59: \uc77c\ubd80 \uacf5\uc5f0\uc740 \uc120\uc608\ub9e4\uac00 \uac00\ub2a5\ud558\uba70, \ud68c\ub2f9 \uba87 \ub9e4\ub97c \uac00\ub2a5\ud560\uc9c0 \uc54c\ub824\uc8fc\ub294 \uc815\ubcf4\ub97c \uc81c\uacf5\ud560 \uc218\ub3c4 \uc788\uc2b5\ub2c8\ub2e4.\n\n\uc774\ub7ec\ud55c \uc694\uc18c\ub4e4\uc744 \uace0\ub824\ud558\uc5ec \uac01 \uc774\ubca4\ud2b8\ub098 \uacf5\uc5f0\uc758 \uacf5\uc2dd \uc6f9\uc0ac\uc774\ud2b8\ub098 \ud2f0\ucf13 \ud310\ub9e4 \ud50c\ub7ab\ud3fc\uc5d0\uc11c \uc608\ub9e4 \uac00\ub2a5 \uac1c\uc218\ub97c \ud655\uc778\ud574\uc57c \ud569\ub2c8\ub2e4. \uc608\uc678\uc801\uc73c\ub85c, \uc77c\ubd80 \uacbd\uc6b0\uc5d0\ub294 \ud2b9\uc815 \uc2dc\uc810\uc5d0\uc11c \ud68c\ub2f9 \uba87 \ub9e4\ub97c \uc608\uc57d\ud560 \uc218 \uc788\ub294\uc9c0 \uc54c\ub824\uc8fc\ub294 \uc815\ubcf4\uac00 \uc81c\uacf5\ub420 \uc218\ub3c4 \uc788\uc2b5\ub2c8\ub2e4."
}