{
    "start_time": 1742407492.292044,
    "end_time": 1742414213.82945,
    "elapsed_time": 6721.537405967712,
    "response": "\uc81c\ub85c\ubc14\uc774\uc6d0 \uc1fc\uc758 \ud2f0\ucf13 \uc608\ub9e4\uc5d0 \ub300\ud55c \uc815\ubcf4\ub294 \ub2e4\uc74c\uacfc \uac19\uc2b5\ub2c8\ub2e4:\n\n1. **\uc120\uc608\ub9e4 \ud68c\ub2f9 \ud560\uc778 \uac00\ub2a5 \ub9e4\uc218**: \uc120\uc608\ub9e4\uc5d0\uc11c\ub294 \ucd5c\ub300 5\uac1c\uc758 \ud2f0\ucf13\uc744 \ud55c \ubc88\uc5d0 \uad6c\ub9e4\ud560 \uc218 \uc788\uc2b5\ub2c8\ub2e4.\n\n\uc774 \uc815\ubcf4\ub294 \uc778\ud130\ud30c\ud06c \ub610\ub294 \uae30\ud68d\uc0ac\uc758 \uc0ac\uc815\uc5d0 \ub530\ub77c \ubcc0\uacbd\ub420 \uc218 \uc788\uc73c\ubbc0\ub85c, \ud655\uc2e4\ud55c \ub0b4\uc6a9\uc740 \uacf5\uc2dd \uc6f9\uc0ac\uc774\ud2b8\ub098 \ubb38\uc758\ub97c \ud1b5\ud574 \ud655\uc778\ud558\ub294 \uac83\uc744 \uad8c\uc7a5\ud569\ub2c8\ub2e4."
}